Init Import Duration,Init Perception Planning Duration,Init Functions Duration,Init Post Duration,Total Init Duration,Target Object,Pick Count,Grasp Choice (Seg ID),Grasp Choice Duration,Grasp Score,Total Computation Duration,Total Grasp Planning Duration,Total Motion Planning Duration,Object Name,Grasp Success,Grasped,Total Execution Duration,Retract Success,Dropped,Grasp Result,Error,Retrieved Target Object,Grasp Retracted Objects,Accidental Dropped Objects,Grasp Result finished Count,Grasp Result timeout Count,Grasp Result no_valid_grasps_found Count,Grasp Result grasp_choice_failed Count,Grasp Result no_valid_motion_plan_found Count,Grasp Success True Count,Grasp Success False Count,Grasp Retracted Objects Count,Accidental Dropped Objects Count,Scene,Experiment Path,Method,Total Experiment Time
0.0386161804199218,0.9444515705108644,0.000126838684082,0.0180234909057617,1.0017406940460205,obj_000056_1,4.0,"5.0,2.0,8.0,0.0","65.24749493598938,78.07431626319885,51.56410646438599,35.93453574180603","1.0,1.0,1.0,1.0","118.12782645225523,123.40748047828674,241.7818956375122,103.6502604484558","30.655471086502075,26.49578976631165,23.548585414886475,20.140133380889893","12.64348077774048,9.660300493240356,158.08138728141785,40.4393675327301","obj_000052_0,obj_000005_0,obj_000122_0,obj_000056_1","True,True,True,True","['obj_000122_0', 'obj_000052_0'],['obj_000005_0'],['obj_000122_0'],['obj_000056_1']","41.53253674507141,27.37908911705017,27.90413069725037,28.8466055393219","True,True,True,True","obj_000052_0,obj_000005_0,obj_000122_0,obj_000029_0","finished,finished,finished,finished","MotionGenStatus.TRAJOPT_FAIL,MotionGenStatus.TRAJOPT_FAIL,MotionGenStatus.TRAJOPT_FAIL,MotionGenStatus.TRAJOPT_FAIL,MotionGenStatus.INVALID_START_STATE_WORLD_COLLISION,MotionGenStatus.INVALID_START_STATE_WORLD_COLLISION,MotionGenStatus.INVALID_START_STATE_WORLD_COLLISION,MotionGenStatus.TRAJOPT_FAIL,MotionGenStatus.TRAJOPT_FAIL,MotionGenStatus.INVALID_START_STATE_WORLD_COLLISION,MotionGenStatus.INVALID_START_STATE_WORLD_COLLISION,MotionGenStatus.INVALID_START_STATE_WORLD_COLLISION,MotionGenStatus.INVALID_START_STATE_WORLD_COLLISION",True,"obj_000122_0,obj_000056_1,obj_000005_0,obj_000052_0",obj_000029_0,4,0,0,0,0,4,0,4,1,structured_590,trial_2026-02-27_01-35-24__short_test__vlm_dg/structured_590__obj_000056_1__vlm_dg,vlm_dg,775.3813741207123
0.0819859504699707,0.9644978046417236,0.0001041889190673,0.0267786979675292,1.073958396911621,obj_000079_1,15.0,"7,5,5,5,6,5,2,1,2,0,-1,-1,-1,-1,-1,-1","108.71893072128296,35.30734038352966,45.57070708274841,41.90706205368042,63.81306338310242,34.09128379821777,79.4883885383606,72.80525326728821,28.72542524337769,22.094846963882446,27.006020069122314,39.75058341026306,18.460911750793457,27.637934923172,28.16004157066345,23.882567167282104","0.6666666666666666,1.0,0.6666666666666666,1.0,0.6666666666666666,1.0,1.0,0.3333333333333333","133.24345183372498,76.90639996528625,85.80775427818298,52.69897270202637,97.39853739738464,88.29399013519287,41.96057939529419,31.719948530197144","12.693318128585815,10.951253890991213,9.863640308380129,8.450149297714233,8.719012975692749,6.4945228099823,4.57469630241394,2.281148672103882","5.8479838371276855,15.393493175506592,6.783731460571289,5.80197024345398,4.524741411209106,4.859759330749512,4.225116014480591,3.2886083126068115","obj_000050_0,obj_000059_0,obj_000050_1,obj_000059_1,obj_000012_0,obj_000003_0,obj_000047_0,obj_000079_1","True,True,True,True,True,True,True,False","['obj_000050_0'],['obj_000059_0'],['obj_000054_0', 'obj_000047_0', 'obj_000079_1', 'obj_000069_0', 'obj_000012_0', 'obj_000073_0', 'obj_000050_1', 'obj_000059_1'],['obj_000059_1'],['obj_000012_0'],['obj_000003_0'],['obj_000047_0', 'obj_000079_1'],[]","16.80828547477722,20.704620122909542,17.069223403930664,19.08369278907776,20.558340787887573,19.21940398216248,23.181845903396606,19.151164770126343","True,True,True,True,True,True,True,False","obj_000050_1,obj_000059_0,obj_000047_0,obj_000012_0,obj_000013_0,obj_000003_0,obj_000059_1,obj_000050_0","finished,no_valid_motion_plan_found,finished,no_valid_motion_plan_found,finished,no_valid_grasps_found,finished,finished,no_valid_grasps_found,finished,finished,no_valid_grasps_found,finished,grasp_choice_failed,grasp_choice_failed","MotionGenStatus.INVALID_START_STATE_WORLD_COLLISION,MotionGenStatus.INVALID_START_STATE_WORLD_COLLISION,MotionGenStatus.INVALID_START_STATE_WORLD_COLLISION,MotionGenStatus.INVALID_START_STATE_WORLD_COLLISION,MotionGenStatus.INVALID_START_STATE_WORLD_COLLISION,MotionGenStatus.INVALID_START_STATE_WORLD_COLLISION",False,"obj_000050_1,obj_000059_0,obj_000047_0,obj_000079_1,obj_000054_0,obj_000069_0,obj_000012_0,obj_000003_0,obj_000059_1,obj_000073_0,obj_000050_0",obj_000013_0,8,0,3,2,2,7,1,11,1,unstructured_36,trial_2026-02-27_01-35-24__short_test__vlm_dg/unstructured_36__obj_000079_1__vlm_dg,vlm_dg,1171.4602892398834
0.0658228397369384,1.0073084831237793,0.0001454353332519,0.0593373775482177,1.1331391334533691,obj_000070_0,8.0,"4.0,11.0,6.0,6.0,-1.0,-1.0,6.0,0.0","69.65582132339478,67.37087655067444,48.741365909576416,46.69466686248779,37.96619820594788,48.6183512210846,48.47397780418396,63.161656618118286","1.0,1.0,1.0,1.0,0.3333333333333333,0.6666666666666666","102.43099737167358,140.21211314201355,442.8798036575317,90.97889351844788,152.6195833683014,79.58267784118652","18.060829877853397,14.223665475845335,12.95554256439209,9.042864799499512,7.223784685134888,6.715282440185547","7.950911283493042,52.375773429870605,375.2914550304413,29.743054151535038,5.063870906829834,4.831319332122803","obj_000071_1,obj_000078_2,obj_000074_0,obj_000077_0,obj_000077_1,obj_000070_0","False,True,True,True,True,True","[],['obj_000078_2'],['obj_000074_0'],['obj_000077_0'],['obj_000077_1'],['obj_000070_0']","34.87008476257324,26.813373804092407,30.77654361724853,25.64436268806457,30.56279420852661,24.02218008041382","False,True,True,True,True,True","obj_000077_1,obj_000074_0,obj_000078_2,obj_000077_0","finished,no_valid_grasps_found,finished,finished,finished,finished,no_valid_grasps_found,finished","MotionGenStatus.INVALID_START_STATE_WORLD_COLLISION,MotionGenStatus.INVALID_START_STATE_WORLD_COLLISION,MotionGenStatus.INVALID_START_STATE_WORLD_COLLISION,MotionGenStatus.INVALID_START_STATE_WORLD_COLLISION,MotionGenStatus.INVALID_START_STATE_WORLD_COLLISION,MotionGenStatus.INVALID_START_STATE_WORLD_COLLISION,MotionGenStatus.TRAJOPT_FAIL,MotionGenStatus.INVALID_START_STATE_WORLD_COLLISION,MotionGenStatus.TRAJOPT_FAIL,MotionGenStatus.INVALID_START_STATE_WORLD_COLLISION,MotionGenStatus.TRAJOPT_FAIL,MotionGenStatus.TRAJOPT_FAIL,MotionGenStatus.INVALID_START_STATE_WORLD_COLLISION,MotionGenStatus.TRAJOPT_FAIL,MotionGenStatus.TRAJOPT_FAIL,MotionGenStatus.INVALID_START_STATE_WORLD_COLLISION,MotionGenStatus.TRAJOPT_FAIL,MotionGenStatus.TRAJOPT_FAIL,MotionGenStatus.TRAJOPT_FAIL,MotionGenStatus.TRAJOPT_FAIL,MotionGenStatus.TRAJOPT_FAIL,MotionGenStatus.TRAJOPT_FAIL,MotionGenStatus.TRAJOPT_FAIL,MotionGenStatus.TRAJOPT_FAIL,MotionGenStatus.TRAJOPT_FAIL,MotionGenStatus.TRAJOPT_FAIL,MotionGenStatus.TRAJOPT_FAIL,MotionGenStatus.TRAJOPT_FAIL,MotionGenStatus.TRAJOPT_FAIL,MotionGenStatus.INVALID_START_STATE_WORLD_COLLISION,MotionGenStatus.INVALID_START_STATE_WORLD_COLLISION,MotionGenStatus.INVALID_START_STATE_WORLD_COLLISION,MotionGenStatus.INVALID_START_STATE_WORLD_COLLISION",True,"obj_000077_0,obj_000074_0,obj_000070_0,obj_000078_2,obj_000077_1",,6,0,2,0,0,5,1,5,0,unstructured_105,trial_2026-02-27_01-35-24__short_test__vlm_dg/unstructured_105__obj_000070_0__vlm_dg,vlm_dg,1278.3227138519287
0.0512001514434814,1.027653455734253,0.0002009868621826,0.0872511863708496,1.1671745777130127,obj_000045_0,11.0,"5.0,0.0,0.0,0.0,3.0,0.0,5.0,0.0,0.0,0.0,0.0","16.096189260482788,39.55884003639221,34.37126421928406,59.02126574516296,50.58463191986084,66.44481253623962,59.113765001297,28.94618821144104,27.75225329399109,30.31068730354309,24.185993432998657","1.0,1.0,0.3333333333333333,1.0","64.28139925003052,71.59376192092896,95.33668279647829,43.03397488594055","10.20957636833191,12.633435487747192,10.767139911651611,9.471774101257324","32.957422971725464,3.928524017333984,21.007402658462524,4.736626863479614","obj_000078_0,obj_000043_0,obj_000063_0,obj_000045_0","True,True,True,True","['obj_000078_0'],['obj_000043_0'],['obj_000063_0'],['obj_000045_0']","37.4018919467926,67.87437701225281,46.06326770782471,30.16864442825317","True,True,True,True","obj_000078_0,obj_000058_0,obj_000043_0,obj_000035_0,obj_000063_0","finished,no_valid_motion_plan_found,no_valid_motion_plan_found,no_valid_motion_plan_found,finished,no_valid_motion_plan_found,finished,no_valid_motion_plan_found,no_valid_motion_plan_found,no_valid_motion_plan_found,finished","MotionGenStatus.INVALID_START_STATE_WORLD_COLLISION,MotionGenStatus.INVALID_START_STATE_WORLD_COLLISION,MotionGenStatus.INVALID_START_STATE_WORLD_COLLISION,MotionGenStatus.INVALID_START_STATE_WORLD_COLLISION,MotionGenStatus.INVALID_START_STATE_WORLD_COLLISION,MotionGenStatus.INVALID_START_STATE_WORLD_COLLISION,MotionGenStatus.INVALID_START_STATE_WORLD_COLLISION,MotionGenStatus.INVALID_START_STATE_WORLD_COLLISION,MotionGenStatus.INVALID_START_STATE_WORLD_COLLISION,MotionGenStatus.INVALID_START_STATE_WORLD_COLLISION,MotionGenStatus.INVALID_START_STATE_WORLD_COLLISION,MotionGenStatus.INVALID_START_STATE_WORLD_COLLISION,MotionGenStatus.INVALID_START_STATE_WORLD_COLLISION,MotionGenStatus.INVALID_START_STATE_WORLD_COLLISION,MotionGenStatus.INVALID_START_STATE_WORLD_COLLISION,MotionGenStatus.INVALID_START_STATE_WORLD_COLLISION",True,"obj_000045_0,obj_000063_0,obj_000078_0,obj_000043_0","obj_000035_0,obj_000058_0",4,0,0,0,7,4,0,4,2,structured_233,trial_2026-02-27_01-35-24__short_test__vlm_dg/structured_233__obj_000045_0__vlm_dg,vlm_dg,959.9448959827424
24.981495141983032,62.55479645729065,7.987022399902344e-05,0.1243224143981933,87.6612241268158,obj_000041_0,7.0,"10.0,10.0,10.0,10.0,10.0,8.0,0.0","48.803611278533936,56.9762282371521,48.7404670715332,59.03897762298584,49.203086853027344,36.60880517959595,60.70526456832886","1.0,1.0,1.0,0.3333333333333333,1.0","92.7954785823822,101.22326183319092,71.45152282714844,56.34800887107849,80.97158455848694","17.388136863708496,15.580207347869871,11.878512144088743,11.201275110244753,11.682088375091553","20.22646379470825,31.640883684158325,5.818343877792358,3.9684417247772217,4.140036582946777","obj_000078_0,obj_000074_0,obj_000027_0,obj_000051_0,obj_000041_0","True,True,True,False,True","['obj_000078_0'],['obj_000074_0'],['obj_000027_0'],[],['obj_000041_0']","39.39471697807312,35.60240173339844,30.598470211029053,32.14295244216919,19.04278564453125","True,True,True,False,True","obj_000074_0,obj_000078_0,obj_000027_0","finished,no_valid_motion_plan_found,finished,no_valid_motion_plan_found,finished,finished,finished","MotionGenStatus.INVALID_START_STATE_WORLD_COLLISION,MotionGenStatus.INVALID_START_STATE_WORLD_COLLISION,MotionGenStatus.TRAJOPT_FAIL,MotionGenStatus.TRAJOPT_FAIL,MotionGenStatus.INVALID_START_STATE_WORLD_COLLISION,MotionGenStatus.INVALID_START_STATE_WORLD_COLLISION,MotionGenStatus.TRAJOPT_FAIL,MotionGenStatus.INVALID_START_STATE_WORLD_COLLISION",True,"obj_000074_0,obj_000078_0,obj_000027_0,obj_000041_0",,5,0,0,0,2,4,1,4,0,structured_198,trial_2026-02-27_01-35-24__short_test__vlm_dg/structured_198__obj_000041_0__vlm_dg,vlm_dg,913.591001033783
0.1025092601776123,1.013101577758789,0.0001056194305419,0.0256788730621337,1.1423051357269287,obj_000048_0,9.0,"5.0,5.0,1.0,6.0,3.0,7.0,0.0","46.290879011154175,52.87055253982544,55.989768266677856,54.94473195075989,34.35968089103699,28.33737850189209,34.24962592124939","1.0,1.0,1.0,1.0,1.0,1.0,1.0","79.55823087692261,98.05284428596497,90.2805519104004,78.63031792640686,61.73923230171204,57.61429953575134,51.99175572395325","17.631590366363525,15.792138576507568,14.026044845581056,12.6460919380188,10.531797170639038,9.071749448776243,8.131988525390625","8.492074728012085,23.089226961135864,14.41219401359558,5.800998687744141,11.81059718132019,15.860650777816772,5.437250137329102","obj_000061_1,obj_000059_0,obj_000010_0,obj_000036_0,obj_000061_0,obj_000025_2,obj_000048_0","True,True,True,True,True,True,True","['obj_000061_1'],['obj_000059_0'],['obj_000010_0'],['obj_000036_0'],['obj_000061_0'],['obj_000025_2'],['obj_000048_0']","23.447168827056885,20.37093162536621,28.093629837036133,26.92880392074585,21.31625533103943,27.74778652191162,19.10351037979126","True,True,True,True,True,True,True","obj_000025_2,obj_000061_0,obj_000010_0,obj_000061_1,obj_000036_0,obj_000059_0","finished,finished,finished,no_valid_grasps_found,finished,no_valid_grasps_found,finished,finished,finished","MotionGenStatus.INVALID_START_STATE_WORLD_COLLISION,MotionGenStatus.INVALID_START_STATE_WORLD_COLLISION,MotionGenStatus.INVALID_START_STATE_WORLD_COLLISION,MotionGenStatus.INVALID_START_STATE_WORLD_COLLISION,MotionGenStatus.INVALID_START_STATE_WORLD_COLLISION,MotionGenStatus.INVALID_START_STATE_WORLD_COLLISION,MotionGenStatus.INVALID_START_STATE_WORLD_COLLISION",True,"obj_000025_2,obj_000048_0,obj_000061_0,obj_000010_0,obj_000061_1,obj_000036_0,obj_000059_0",,7,0,2,0,0,7,0,7,0,unstructured_128,trial_2026-02-27_01-35-24__short_test__vlm_dg/unstructured_128__obj_000048_0__vlm_dg,vlm_dg,782.7296674251556
0.0374910831451416,0.8853440284729004,0.0001575946807861,0.0268077850341796,0.9502856731414796,obj_000056_1,9.0,"4,8,8,8,8,4,10,8,0","7.811637163162231,6.786158084869385,7.100098371505737,7.109170436859131,6.990077257156372,7.089453458786011,6.359562873840332,5.9926722049713135,5.524852514266968","1.0,1.0,1.0,1.0","59.611191511154175,54.89754509925842,76.682701587677,39.48684620857239","31.07639980316162,27.705756187438965,23.26896953582764,19.71517038345337","11.026169776916504,11.540632247924805,39.73883843421936,7.902551889419556","obj_000059_0,obj_000052_0,obj_000122_0,obj_000056_1","True,True,True,True","['obj_000059_0', 'obj_000056_0', 'obj_000049_0'],['obj_000128_1', 'obj_000052_0', 'obj_000122_0', 'obj_000005_0'],['obj_000122_0'],['obj_000056_1']","26.502676963806152,49.22050595283508,45.458781003952026,29.219399452209476","True,True,True,True","obj_000059_0,obj_000052_0,obj_000122_0,obj_000029_0","finished,no_valid_motion_plan_found,no_valid_motion_plan_found,no_valid_motion_plan_found,no_valid_motion_plan_found,finished,no_valid_motion_plan_found,finished,finished","MotionGenStatus.TRAJOPT_FAIL,MotionGenStatus.TRAJOPT_FAIL,MotionGenStatus.TRAJOPT_FAIL,MotionGenStatus.TRAJOPT_FAIL,MotionGenStatus.INVALID_START_STATE_WORLD_COLLISION,MotionGenStatus.INVALID_START_STATE_WORLD_COLLISION,MotionGenStatus.TRAJOPT_FAIL",True,"obj_000052_0,obj_000056_0,obj_000005_0,obj_000128_1,obj_000049_0,obj_000056_1,obj_000122_0,obj_000059_0",obj_000029_0,4,0,0,0,5,4,0,8,1,structured_590,trial_2026-02-27_01-35-20__short_test__dg_only/structured_590__obj_000056_1__dg_only,dg_only,779.7067801952362
0.03804612159729,0.9429318904876708,0.0001554489135742,0.0459294319152832,1.027897596359253,obj_000045_0,5.0,"5,0,3,0,0","2.3490123748779297,3.058390855789185,3.420492172241211,2.879492998123169,2.9709627628326416","1.0,1.0,1.0","34.96456432342529,29.949397325515747,24.09733295440674","9.554051876068115,12.632531881332396,11.65483021736145","18.016387701034542,9.262283086776732,4.636796712875366","obj_000078_0,obj_000043_0,obj_000045_0","True,True,True","['obj_000078_0'],['obj_000043_0'],['obj_000045_0']","45.9598970413208,62.29855251312256,35.54106020927429","True,True,True","obj_000035_0,obj_000078_0,obj_000058_0,obj_000043_0","finished,no_valid_motion_plan_found,finished,no_valid_motion_plan_found,finished","MotionGenStatus.INVALID_START_STATE_WORLD_COLLISION,MotionGenStatus.INVALID_START_STATE_WORLD_COLLISION,MotionGenStatus.INVALID_START_STATE_WORLD_COLLISION,MotionGenStatus.INVALID_START_STATE_WORLD_COLLISION,MotionGenStatus.INVALID_START_STATE_WORLD_COLLISION",True,"obj_000045_0,obj_000078_0,obj_000043_0","obj_000035_0,obj_000058_0",3,0,0,0,2,3,0,3,2,structured_233,trial_2026-02-27_01-35-20__short_test__dg_only/structured_233__obj_000045_0__dg_only,dg_only,335.6836376190185
0.0385913848876953,0.9458327293395996,0.000239610671997,0.0376505851745605,1.0227034091949463,obj_000079_1,15.0,"5,5,5,5,5,6,2,5,3,-1,-1,-1,-1,-1,-1,-1,-1,-1,1","4.715608596801758,4.890723943710327,4.663156747817993,4.407375335693359,4.615982532501221,4.143249273300171,3.75384521484375,3.2496321201324463,2.831164121627808,2.59655237197876,2.5059595108032227,3.036273002624512,2.607651710510254,2.777437925338745,2.775118827819824,2.827601432800293,2.632183790206909,2.5994114875793457,2.6186485290527344","1.0,1.0,1.0,1.0,1.0,0.6666666666666666","40.68180084228516,26.703309059143063,23.540355682373047,24.783756971359253,18.75873017311096,17.04847812652588","12.409358024597168,11.088605880737305,9.718067169189451,7.576198101043701,6.411780118942261,4.322002172470093","18.177087545394897,6.499068021774292,5.209905385971069,9.134583711624146,4.943910598754883,5.352195739746094","obj_000059_0,obj_000050_0,obj_000012_0,obj_000050_1,obj_000047_0,obj_000003_0","True,True,True,True,True,True","['obj_000059_0'],['obj_000050_0'],['obj_000047_0', 'obj_000012_0', 'obj_000050_1', 'obj_000054_0', 'obj_000069_0', 'obj_000059_1', 'obj_000079_1'],['obj_000050_1'],['obj_000047_0'],['obj_000003_0']","23.508601665496823,24.148465156555176,22.17043709754944,21.51411724090576,17.428134441375732,16.023687839508057","True,True,True,True,True,True","obj_000050_1,obj_000047_0,obj_000012_0,obj_000013_0,obj_000050_0,obj_000059_0","no_valid_motion_plan_found,no_valid_motion_plan_found,no_valid_motion_plan_found,no_valid_motion_plan_found,finished,no_valid_grasps_found,finished,finished,finished,finished,grasp_choice_failed,grasp_choice_failed,grasp_choice_failed,finished,no_valid_grasps_found","MotionGenStatus.INVALID_START_STATE_WORLD_COLLISION,MotionGenStatus.INVALID_START_STATE_WORLD_COLLISION,MotionGenStatus.INVALID_START_STATE_WORLD_COLLISION,MotionGenStatus.INVALID_START_STATE_WORLD_COLLISION,MotionGenStatus.INVALID_START_STATE_WORLD_COLLISION,MotionGenStatus.INVALID_START_STATE_WORLD_COLLISION,MotionGenStatus.INVALID_START_STATE_WORLD_COLLISION,MotionGenStatus.INVALID_START_STATE_WORLD_COLLISION,MotionGenStatus.INVALID_START_STATE_WORLD_COLLISION,MotionGenStatus.INVALID_START_STATE_WORLD_COLLISION,MotionGenStatus.INVALID_START_STATE_WORLD_COLLISION,MotionGenStatus.INVALID_START_STATE_WORLD_COLLISION",False,"obj_000050_1,obj_000047_0,obj_000012_0,obj_000054_0,obj_000069_0,obj_000050_0,obj_000079_1,obj_000003_0,obj_000059_1,obj_000059_0",obj_000013_0,6,0,2,3,4,6,0,10,1,unstructured_36,trial_2026-02-27_01-35-20__short_test__dg_only/unstructured_36__obj_000079_1__dg_only,dg_only,555.9441645145416
0.0594608783721923,0.9745161533355712,7.987022399902344e-05,0.0155787467956542,1.0502240657806396,obj_000048_0,6.0,"5,8,5,1,3,0","5.135426044464111,5.229803800582886,4.355945110321045,3.836899518966675,3.2890799045562744,2.720813512802124","1.0,1.0,1.0,1.0,1.0,1.0","38.45234060287476,37.22160816192627,30.238909482955933,31.244981288909912,25.08905506134033,22.39424443244934","18.216451168060303,17.036027193069458,13.51055097579956,13.099771976470947,10.462538719177246,9.199966192245483","7.890041828155518,8.300926208496094,6.278982877731323,8.26398777961731,6.260631561279297,5.660146713256836","obj_000061_1,obj_000036_0,obj_000059_0,obj_000010_0,obj_000061_0,obj_000048_0","True,True,True,True,True,True","['obj_000061_1'],['obj_000036_0'],['obj_000059_0'],['obj_000010_0'],['obj_000061_0'],['obj_000048_0']","33.459969997406006,22.183780193328857,19.734309196472168,27.0525484085083,17.782214879989624,20.211432933807373","True,True,True,True,True,True","obj_000061_0,obj_000010_0,obj_000061_1,obj_000036_0,obj_000059_0","finished,finished,finished,finished,finished,finished",,True,"obj_000048_0,obj_000061_0,obj_000010_0,obj_000061_1,obj_000036_0,obj_000059_0",,6,0,0,0,0,6,0,6,0,unstructured_128,trial_2026-02-27_01-35-20__short_test__dg_only/unstructured_128__obj_000048_0__dg_only,dg_only,386.8026337623596
24.519259452819824,61.70331335067749,0.0001018047332763,0.0289504528045654,86.25220990180969,obj_000041_0,11.0,"9.0,9.0,10.0,10.0,10.0,10.0,9.0,9.0,9.0,9.0,0.0","4.391091108322144,4.3075597286224365,4.363602876663208,4.141283988952637,3.8297507762908936,4.114633560180664,3.906790971755981,3.955573558807373,3.812912940979004,4.15660834312439,3.870870351791382","1.0,1.0,0.3333333333333333,1.0","36.71772217750549,33.940104722976685,28.757465839385983,23.79645419120789","17.809762477874756,14.02284049987793,11.206727504730225,11.326355457305908","7.892802953720093,9.953012466430664,8.69768238067627,4.056217908859253","obj_000074_0,obj_000078_0,obj_000027_0,obj_000041_0","True,True,True,True","['obj_000074_0'],['obj_000078_0'],['obj_000027_0'],['obj_000041_0']","40.19990468025208,33.13090658187866,32.91456151008606,21.459777116775516","True,True,True,True","obj_000074_0,obj_000027_0,obj_000078_0","finished,finished,no_valid_motion_plan_found,no_valid_motion_plan_found,no_valid_motion_plan_found,no_valid_motion_plan_found,no_valid_motion_plan_found,no_valid_motion_plan_found,no_valid_motion_plan_found,finished,finished","MotionGenStatus.INVALID_START_STATE_WORLD_COLLISION,MotionGenStatus.INVALID_START_STATE_WORLD_COLLISION,MotionGenStatus.INVALID_START_STATE_WORLD_COLLISION,MotionGenStatus.INVALID_START_STATE_WORLD_COLLISION,MotionGenStatus.INVALID_START_STATE_WORLD_COLLISION,MotionGenStatus.INVALID_START_STATE_WORLD_COLLISION,MotionGenStatus.INVALID_START_STATE_WORLD_COLLISION,MotionGenStatus.INVALID_START_STATE_WORLD_COLLISION,MotionGenStatus.INVALID_START_STATE_WORLD_COLLISION,MotionGenStatus.INVALID_START_STATE_WORLD_COLLISION,MotionGenStatus.INVALID_START_STATE_WORLD_COLLISION,MotionGenStatus.INVALID_START_STATE_WORLD_COLLISION,MotionGenStatus.INVALID_START_STATE_WORLD_COLLISION,MotionGenStatus.INVALID_START_STATE_WORLD_COLLISION",True,"obj_000074_0,obj_000027_0,obj_000078_0,obj_000041_0",,4,0,0,0,7,4,0,4,0,structured_198,trial_2026-02-27_01-35-20__short_test__dg_only/structured_198__obj_000041_0__dg_only,dg_only,618.097817659378
0.0376863479614257,0.879645586013794,0.000126838684082,0.026526927947998,0.9444737434387208,obj_000070_0,10.0,"8.0,4.0,10.0,7.0,7.0,7.0,3.0,0.0","5.26408839225769,5.033796310424805,4.918719530105591,4.351722002029419,3.90472674369812,3.557814598083496,2.879206657409668,2.9923784732818604","0.6666666666666666,1.0,1.0,1.0,1.0,1.0,1.0,0.3333333333333333","39.09170556068421,38.1560275554657,55.58611273765564,32.1634156703949,32.4802451133728,27.935822248458862,24.99235343933105,27.864713430404663","18.528519868850708,16.82321524620056,16.92906141281128,15.245205163955688,15.477284908294678,11.475057363510132,10.614168643951416,6.511197090148926","8.437682628631592,9.877172470092772,26.88428401947021,6.365065336227417,7.428402662277222,7.76016092300415,6.415254592895508,13.885124921798706","obj_000077_1,obj_000071_1,obj_000078_2,obj_000077_0,obj_000078_0,obj_000078_1,obj_000071_0,obj_000070_0","True,True,True,True,True,True,False,True","['obj_000077_1'],['obj_000078_2', 'obj_000071_1'],['obj_000078_2'],['obj_000077_0'],['obj_000069_1', 'obj_000078_0', 'obj_000078_1', 'obj_000072_0', 'obj_000071_0', 'obj_000079_0'],['obj_000078_1'],[],['obj_000070_0']","28.38089942932129,39.54239726066589,26.28612756729126,21.353353261947632,17.17610740661621,16.07321071624756,14.625555038452148,17.162723064422607","True,False,True,True,True,True,False,True","obj_000078_0,obj_000077_0,obj_000079_0,obj_000078_1,obj_000078_2,obj_000077_1","finished,finished,finished,finished,finished,finished,no_valid_grasps_found,finished,no_valid_grasps_found,finished","MotionGenStatus.INVALID_START_STATE_WORLD_COLLISION,MotionGenStatus.INVALID_START_STATE_WORLD_COLLISION,MotionGenStatus.INVALID_START_STATE_WORLD_COLLISION,MotionGenStatus.INVALID_START_STATE_WORLD_COLLISION,MotionGenStatus.INVALID_START_STATE_WORLD_COLLISION",True,"obj_000078_0,obj_000077_0,obj_000070_0,obj_000079_0,obj_000069_1,obj_000078_1,obj_000078_2,obj_000072_0,obj_000077_1,obj_000071_0",,8,0,2,0,0,7,1,10,0,unstructured_105,trial_2026-02-27_01-35-20__short_test__dg_only/unstructured_105__obj_000070_0__dg_only,dg_only,559.0538921356201
0.0595479011535644,1.0532989501953125,0.0001275539398193,0.110257863998413,1.2238521575927734,obj_000048_0,8.0,"5.0,8.0,5.0,1.0,3.0,0.0","20.662112951278687,28.01278781890869,24.27261567115784,12.916386127471924,29.526506423950195,7.07449746131897","1.0,1.0,1.0,1.0,1.0,1.0","55.40024209022522,59.84787917137146,61.63614797592163,91.90970373153688,70.30950164794922,26.596068382263184","17.848728895187378,16.741814613342285,15.84366488456726,13.367718935012816,11.33020830154419,10.42042112350464","9.587257385253906,8.414828777313232,15.031211137771606,59.42660689353943,24.36793828010559,4.247766971588135","obj_000061_1,obj_000036_0,obj_000059_0,obj_000010_0,obj_000061_0,obj_000048_0","True,True,True,True,True,True","['obj_000061_1'],['obj_000025_2', 'obj_000036_0'],['obj_000059_0'],['obj_000010_0'],['obj_000061_0'],['obj_000048_0']","26.912755727767944,20.67226481437683,22.5964150428772,20.32128858566284,21.12714409828186,20.988932609558105","True,True,True,True,True,True","obj_000061_0,obj_000010_0,obj_000061_1,obj_000036_0,obj_000059_0","finished,no_valid_grasps_found,finished,finished,finished,no_valid_grasps_found,finished,finished","MotionGenStatus.INVALID_START_STATE_WORLD_COLLISION,MotionGenStatus.TRAJOPT_FAIL,MotionGenStatus.TRAJOPT_FAIL,MotionGenStatus.TRAJOPT_FAIL,MotionGenStatus.INVALID_START_STATE_WORLD_COLLISION,MotionGenStatus.INVALID_START_STATE_WORLD_COLLISION,MotionGenStatus.INVALID_START_STATE_WORLD_COLLISION",True,"obj_000025_2,obj_000048_0,obj_000061_0,obj_000010_0,obj_000061_1,obj_000036_0,obj_000059_0",,6,0,2,0,0,6,0,7,0,unstructured_128,trial_2026-02-27_01-35-22__short_test__dg_into_vlm/unstructured_128__obj_000048_0__dg_into_vlm,dg_into_vlm,601.3950672149658
0.0388007164001464,0.976215124130249,0.0001478195190429,0.0377724170684814,1.0533626079559326,obj_000056_1,15.0,"2,4,8,9,0,9,8,2,6,0,0,0,0,0,0,0,0,0,0,0,0,0,0,0","109.31045699119568,65.70085620880127,67.88252925872803,57.33630323410034,13.20878267288208,28.22968697547913,26.379192113876343,28.99560046195984,51.73852515220642,4.910297870635986,6.056690692901611,7.8677451610565186,5.695005655288696,6.3736348152160645,4.623839378356934,7.414422512054443,5.294102668762207,7.082935571670532,6.128164291381836,8.547155380249023,4.952603340148926,6.058507680892944,5.428030729293823,5.693832635879517","1.0,1.0,1.0,1.0,1.0,1.0,1.0","163.81041073799133,114.296550989151,122.66723251342772,80.84191513061523,73.8425989151001,53.33025598526001,72.40251326560974","31.75096368789673,26.421056270599365,23.950677394866943,21.079538345336918,18.10330009460449,13.199604749679564,10.61728811264038","12.703280925750732,13.131334781646729,21.9421489238739,24.97695517539978,23.15962290763855,5.711466312408447,5.408461570739746","obj_000005_0,obj_000052_0,obj_000122_0,obj_000128_1,obj_000128_0,obj_000059_0,obj_000135_0","True,True,True,True,True,True,True","['obj_000005_0', 'obj_000122_0', 'obj_000052_0', 'obj_000128_1'],['obj_000052_0'],['obj_000122_0', 'obj_000056_1', 'obj_000021_0', 'obj_000135_0'],['obj_000128_1'],['obj_000128_0'],['obj_000059_0'],['obj_000135_0', 'obj_000021_0']","39.32667112350464,21.75147700309753,34.08401823043823,33.11436176300049,42.999988079071045,19.00411820411682,32.523993253707886","True,True,True,True,True,True,True","obj_000052_0,obj_000059_0,obj_000029_0,obj_000005_0,obj_000128_1,obj_000128_0,obj_000122_0","finished,finished,finished,no_valid_motion_plan_found,no_valid_motion_plan_found,finished,finished,no_valid_grasps_found,finished,finished,grasp_choice_failed,grasp_choice_failed,grasp_choice_failed,grasp_choice_failed,grasp_choice_failed","MotionGenStatus.INVALID_START_STATE_WORLD_COLLISION,MotionGenStatus.INVALID_START_STATE_WORLD_COLLISION,MotionGenStatus.INVALID_START_STATE_WORLD_COLLISION,MotionGenStatus.INVALID_START_STATE_WORLD_COLLISION,MotionGenStatus.INVALID_START_STATE_WORLD_COLLISION,MotionGenStatus.INVALID_START_STATE_WORLD_COLLISION,MotionGenStatus.INVALID_START_STATE_WORLD_COLLISION,MotionGenStatus.INVALID_START_STATE_WORLD_COLLISION,MotionGenStatus.INVALID_START_STATE_WORLD_COLLISION",False,"obj_000052_0,obj_000059_0,obj_000005_0,obj_000128_1,obj_000135_0,obj_000021_0,obj_000056_1,obj_000128_0,obj_000122_0",obj_000029_0,7,0,1,5,2,7,0,9,1,structured_590,trial_2026-02-27_01-35-22__short_test__dg_into_vlm/structured_590__obj_000056_1__dg_into_vlm,dg_into_vlm,1339.837728023529
0.0383210182189941,0.9731979370117188,0.0001506805419921,0.0735611915588378,1.0856270790100098,obj_000079_1,15.0,"0,6,6,7,4,3,2,2,3,5,5,2,2,3,3,3,3,3,3,3,1","9.137381315231323,9.31166958808899,12.439926624298096,46.36177968978882,18.48943901062012,35.16271662712097,30.30611562728882,30.18586158752441,38.14636993408203,27.934744119644165,28.963541984558105,25.374921321868896,24.87137985229492,20.43542957305908,13.14234185218811,25.059601545333862,13.265362977981567,13.121429443359377,16.612410068511963,51.61544394493103,35.58765125274658","0.3333333333333333,1.0,1.0,1.0,1.0,0.3333333333333333,1.0,1.0","37.573641300201416,70.38142967224121,41.53776788711548,50.63963317871094,55.50761961936951,98.26855540275574,39.62350273132324,101.00257539749146","12.857885360717772,12.035808563232422,11.125075578689575,9.29861617088318,6.669491767883301,5.814443826675415,5.923565864562988,5.299105644226074","6.584015607833862,6.644705533981323,6.977513074874878,6.217274904251099,5.832359313964844,5.44906210899353,4.2275378704071045,3.901115655899048","obj_000059_1,obj_000050_0,obj_000047_0,obj_000012_0,obj_000059_0,obj_000054_0,obj_000059_1,obj_000003_0","False,True,True,True,True,True,True,True","[],['obj_000059_0', 'obj_000073_0', 'obj_000054_0', 'obj_000079_1', 'obj_000069_0', 'obj_000059_1', 'obj_000012_0', 'obj_000050_0', 'obj_000050_1', 'obj_000047_0', 'obj_000003_0', 'obj_000079_0'],['obj_000079_1', 'obj_000069_0', 'obj_000012_0', 'obj_000050_1', 'obj_000047_0'],['obj_000059_0', 'obj_000073_0', 'obj_000054_0', 'obj_000059_1', 'obj_000069_0', 'obj_000079_1', 'obj_000012_0', 'obj_000050_1', 'obj_000003_0', 'obj_000079_0'],['obj_000059_0'],['obj_000054_0'],['obj_000059_1'],['obj_000003_0']","28.071120977401733,21.370917797088623,20.22414207458496,22.346914768218998,19.333335161209103,20.7723069190979,21.53598022460937,32.59100270271301","False,True,True,True,True,True,True,True","obj_000047_0,obj_000012_0,obj_000013_0,obj_000054_0,obj_000050_0,obj_000059_1,obj_000059_0","no_valid_motion_plan_found,finished,finished,finished,no_valid_motion_plan_found,no_valid_motion_plan_found,finished,finished,finished,no_valid_grasps_found,finished,no_valid_grasps_found,grasp_choice_failed,grasp_choice_failed,finished","MotionGenStatus.INVALID_START_STATE_WORLD_COLLISION,MotionGenStatus.INVALID_START_STATE_WORLD_COLLISION,MotionGenStatus.INVALID_START_STATE_WORLD_COLLISION",False,"obj_000050_1,obj_000079_1,obj_000054_0,obj_000069_0,obj_000012_0,obj_000050_0,obj_000047_0,obj_000003_0,obj_000079_0,obj_000059_1,obj_000073_0,obj_000059_0",obj_000013_0,8,0,2,2,3,7,1,12,1,unstructured_36,trial_2026-02-27_01-35-22__short_test__dg_into_vlm/unstructured_36__obj_000079_1__dg_into_vlm,dg_into_vlm,1042.8707139492035
0.0560667514801025,0.9974322319030762,0.0002527236938476,0.0787534713745117,1.1333436965942385,obj_000045_0,7.0,"5.0,0.0,0.0,0.0,0.0,3.0,0.0","17.261857986450195,7.05081844329834,6.497249841690064,6.51143217086792,8.846604108810425,28.96649050712585,10.405611276626589","1.0,1.0,1.0","55.26317095756531,53.76184153556824,30.47932195663452","9.823535203933716,12.757999658584597,11.0679349899292","22.982673168182373,7.285874843597412,4.362489700317383","obj_000078_0,obj_000043_0,obj_000045_0","True,True,True","['obj_000078_0'],['obj_000043_0'],['obj_000045_0']","55.283984661102295,60.10662627220154,28.357346534729004","True,True,True","obj_000035_0,obj_000078_0,obj_000058_0,obj_000043_0","finished,no_valid_motion_plan_found,no_valid_motion_plan_found,no_valid_motion_plan_found,no_valid_motion_plan_found,finished,finished","MotionGenStatus.INVALID_START_STATE_WORLD_COLLISION,MotionGenStatus.INVALID_START_STATE_WORLD_COLLISION,MotionGenStatus.INVALID_START_STATE_WORLD_COLLISION,MotionGenStatus.INVALID_START_STATE_WORLD_COLLISION,MotionGenStatus.INVALID_START_STATE_WORLD_COLLISION,MotionGenStatus.INVALID_START_STATE_WORLD_COLLISION,MotionGenStatus.INVALID_START_STATE_WORLD_COLLISION,MotionGenStatus.INVALID_START_STATE_WORLD_COLLISION",True,"obj_000045_0,obj_000078_0,obj_000043_0","obj_000035_0,obj_000058_0",3,0,0,0,4,3,0,3,2,structured_233,trial_2026-02-27_01-35-22__short_test__dg_into_vlm/structured_233__obj_000045_0__dg_into_vlm,dg_into_vlm,455.29460167884827
25.143527507781982,61.71410298347473,7.414817810058594e-05,0.0257306098937988,86.88392043113708,obj_000041_0,6.0,"10,11,11,10,10,0","106.85236883163452,66.40739250183105,95.56251692771912,105.82804203033449,12.202105045318604,8.903275489807129","1.0,1.0,1.0,1.0","145.7099883556366,139.7957181930542,34.87152433395386,29.51861262321472","17.527026653289795,15.790185451507568,11.834282398223875,11.690485000610352","14.907166004180908,12.78275203704834,5.944342374801636,4.471070289611816","obj_000078_0,obj_000074_0,obj_000027_0,obj_000041_0","True,True,True,True","['obj_000078_0'],['obj_000074_0'],['obj_000027_0'],['obj_000015_0', 'obj_000041_0']","43.38874840736389,33.58616828918457,39.21606659889221,44.797205209732056","True,True,True,True","obj_000074_0,obj_000078_0,obj_000027_0","finished,no_valid_motion_plan_found,no_valid_motion_plan_found,finished,finished,finished","MotionGenStatus.INVALID_START_STATE_WORLD_COLLISION,MotionGenStatus.INVALID_START_STATE_WORLD_COLLISION,MotionGenStatus.INVALID_START_STATE_WORLD_COLLISION,MotionGenStatus.INVALID_START_STATE_WORLD_COLLISION",True,"obj_000078_0,obj_000015_0,obj_000074_0,obj_000041_0,obj_000027_0",,4,0,0,0,2,4,0,5,0,structured_198,trial_2026-02-27_01-35-22__short_test__dg_into_vlm/structured_198__obj_000041_0__dg_into_vlm,dg_into_vlm,878.0945935249329
0.0526127815246582,1.0304596424102783,0.0001299381256103,0.026456594467163,1.1101536750793457,obj_000070_0,6.0,"8.0,10.0,6.0,0.0","76.08405184745789,31.260592460632324,58.99958539009094,6.541187524795532","0.3333333333333333,1.0,1.0,1.0","139.49230933189392,77.33622622489929,85.01823735237122,26.99465537071228","18.41628479957581,15.914272785186768,13.997641801834106,10.519697427749634","38.26456522941589,24.536456823349,7.034127712249756,5.2231762409210205","obj_000077_1,obj_000078_2,obj_000074_0,obj_000070_0","True,True,True,True","['obj_000071_1', 'obj_000077_1', 'obj_000078_2'],['obj_000078_2'],['obj_000074_0'],['obj_000070_0']","31.27087664604187,22.17929458618164,23.972980260849,26.397995948791504","False,True,True,True","obj_000077_1,obj_000074_0,obj_000078_2","finished,finished,no_valid_grasps_found,finished,no_valid_grasps_found,finished","MotionGenStatus.INVALID_START_STATE_WORLD_COLLISION,MotionGenStatus.INVALID_START_STATE_WORLD_COLLISION,MotionGenStatus.INVALID_START_STATE_WORLD_COLLISION,MotionGenStatus.INVALID_START_STATE_WORLD_COLLISION,MotionGenStatus.INVALID_START_STATE_WORLD_COLLISION,MotionGenStatus.INVALID_START_STATE_WORLD_COLLISION,MotionGenStatus.INVALID_START_STATE_WORLD_COLLISION",True,"obj_000074_0,obj_000078_2,obj_000070_0",obj_000077_1,4,0,2,0,0,4,0,3,1,unstructured_105,trial_2026-02-27_01-35-22__short_test__dg_into_vlm/unstructured_105__obj_000070_0__dg_into_vlm,dg_into_vlm,516.9908347129822
25.076515674591064,64.03432726860046,8.0108642578125e-05,0.0265367031097412,89.13783812522888,obj_000041_0,9.0,"11,4,4,0,4,4,4,4,4,31,4,5,5,4,0,4,4,4,4,8,0","10.090687036514282,10.243468284606934,7.3615946769714355,8.35677719116211,6.84385871887207,13.092755794525146,10.415276765823364,4.87175440788269,8.450353860855103,11.39205241203308,7.909638166427612,5.486355066299439,14.03472638130188,10.11427116394043,28.07931470870972,5.307664632797241,10.732641696929932,5.578240156173706,8.624618530273438,14.95855712890625,6.017071723937988","1.0,1.0,1.0","41.06607723236084,45.22298169136048,32.301451206207275","17.437032461166382,17.9663245677948,15.640647411346436","6.444985628128052,6.90770959854126,5.307755947113037","obj_000027_0,obj_000044_0,obj_000041_0","True,True,True","['obj_000027_0'],['obj_000044_0'],['obj_000041_0']","32.75461411476135,37.59021878242493,36.58336663246155","True,True,True","obj_000044_0,obj_000027_0","finished,grasp_choice_failed,grasp_choice_failed,grasp_choice_failed,grasp_choice_failed,grasp_choice_failed,grasp_choice_failed,finished,finished",,True,"obj_000044_0,obj_000027_0,obj_000041_0",,3,0,0,6,0,3,0,3,0,structured_198,trial_2026-02-27_01-35-21__short_test__vlm_only/structured_198__obj_000041_0__vlm_only,vlm_only,695.3533058166504
0.0373694896697998,0.8983204364776611,0.0001041889190673,0.0462434291839599,0.9824442863464355,obj_000070_0,6.0,"4.0,10.0,7.0,5.0,0.0","29.743844985961918,22.890157222747803,10.825754880905151,45.03563952445984,7.3385679721832275","1.0,1.0,0.6666666666666666,1.0,1.0","61.45491051673889,52.495495319366455,55.35515189170837,71.23641228675842,27.156388998031616","17.656996726989746,15.877163887023926,13.867014169692991,12.37598705291748,9.056637525558472","7.577347993850708,7.316245317459106,24.63699841499329,7.789122581481934,5.267483711242676","obj_000071_1,obj_000078_2,obj_000077_1,obj_000074_0,obj_000070_0","False,True,True,True,True","[],['obj_000078_2'],['obj_000077_1'],['obj_000074_0'],['obj_000070_0']","29.935211181640625,24.903533697128296,23.728415966033936,23.96150684356689,27.832534074783325","False,True,True,True,True","obj_000071_1,obj_000074_0,obj_000078_2,obj_000077_1","finished,finished,finished,finished,no_valid_grasps_found,finished","MotionGenStatus.INVALID_START_STATE_WORLD_COLLISION,MotionGenStatus.INVALID_START_STATE_WORLD_COLLISION,MotionGenStatus.INVALID_START_STATE_WORLD_COLLISION",True,"obj_000077_1,obj_000074_0,obj_000078_2,obj_000070_0",obj_000071_1,5,0,1,0,0,4,1,4,1,unstructured_105,trial_2026-02-27_01-35-21__short_test__vlm_only/unstructured_105__obj_000070_0__vlm_only,vlm_only,468.5654776096344
0.0360941886901855,0.9023587703704834,0.0001971721649169,0.0271010398864746,0.9663093090057372,obj_000045_0,6.0,"3,4,5,3,3,1,3,0","30.869102478027344,22.02251958847046,15.426506996154783,7.746156454086304,6.88820481300354,13.557648420333862,8.504276514053345,5.421167373657227","1.0,1.0,0.6666666666666666,1.0,1.0","50.93707346916199,44.65526008605957,40.29244256019592,26.04947519302368,29.400596380233765","9.47331690788269,7.74555778503418,11.007801294326782,9.241040229797363,7.120142698287964","5.334782600402832,9.965194940567017,9.195616483688354,4.471036195755005,3.718499660491944","obj_000043_0,obj_000078_0,obj_000063_0,obj_000050_0,obj_000045_0","True,True,True,True,True","['obj_000043_0'],['obj_000078_0'],['obj_000063_0'],['obj_000050_0'],['obj_000045_0']","67.4451551437378,43.254313230514526,43.18145179748535,27.9786217212677,31.41034150123596","True,True,True,True,True","obj_000078_0,obj_000058_0,obj_000043_0,obj_000035_0,obj_000063_0,obj_000050_0","finished,finished,finished,finished,no_valid_motion_plan_found,finished","MotionGenStatus.INVALID_START_STATE_WORLD_COLLISION,MotionGenStatus.INVALID_START_STATE_WORLD_COLLISION,MotionGenStatus.INVALID_START_STATE_WORLD_COLLISION",True,"obj_000078_0,obj_000043_0,obj_000063_0,obj_000045_0,obj_000050_0","obj_000035_0,obj_000058_0",5,0,0,0,1,5,0,5,2,structured_233,trial_2026-02-27_01-35-21__short_test__vlm_only/structured_233__obj_000045_0__vlm_only,vlm_only,511.5857493877411
0.0437936782836914,0.8803329467773438,9.679794311523438e-05,0.0276858806610107,0.9523324966430664,obj_000048_0,15.0,"5,5,7,7,9,7,0,0,5,0,0,0,1,6,6,6,6,6","23.563364505767822,26.735924005508423,22.36604619026184,30.781302213668823,18.063060998916622,20.708563327789307,7.42866587638855,5.323655843734741,10.62314248085022,6.563426733016968,6.322385787963867,6.430047035217285,7.522514343261719,18.314655542373657,20.890100479125977,34.75952172279358,24.071297645568848,18.769291162490845","1.0,1.0,1.0,1.0,1.0,1.0,1.0,1.0,1.0","55.94720339775085,57.11321520805359,49.48959541320801,59.3703932762146,42.40799593925476,44.0844202041626,29.44501829147339,36.445815324783325,36.73707413673401","17.638439416885376,16.763847589492798,14.75378918647766,16.09968852996826,13.33251929283142,11.722326755523682,11.245375633239746,8.91306447982788,8.361356019973755","7.761511564254761,6.914738655090332,6.34804105758667,6.676755428314209,5.552408933639526,5.992709875106812,5.54936671257019,4.49251651763916,4.857399702072144","obj_000061_1,obj_000059_0,obj_000036_0,obj_000036_0,obj_000025_2,obj_000025_0,obj_000010_0,obj_000025_1,obj_000025_1","True,True,False,True,True,True,True,False,False","['obj_000061_1'],['obj_000059_0'],[],['obj_000036_0'],['obj_000025_2'],['obj_000025_0'],['obj_000010_0'],[],[]","28.37479138374329,30.50410771369934,20.46147656440735,16.618436574935913,20.61497950553894,124.52561354637146,22.478636503219604,30.063803672790527,26.457948684692383","True,True,False,True,True,True,True,False,False","obj_000025_0,obj_000025_2,obj_000010_0,obj_000061_1,obj_000036_0,obj_000059_0","finished,no_valid_grasps_found,finished,finished,no_valid_grasps_found,finished,finished,finished,grasp_choice_failed,grasp_choice_failed,finished,finished,grasp_choice_failed,finished,no_valid_grasps_found",,False,"obj_000025_0,obj_000025_2,obj_000010_0,obj_000061_1,obj_000036_0,obj_000059_0",,9,0,3,3,0,6,3,6,0,unstructured_128,trial_2026-02-27_01-35-21__short_test__vlm_only/unstructured_128__obj_000048_0__vlm_only,vlm_only,1062.0028839111328
0.0527398586273193,0.8789811134338379,0.0001270771026611,0.0457954406738281,0.9780764579772948,obj_000079_1,15.0,"2,9,2,2,6,9,3,2,3,0,2,2,6,0,0,0,0,0,0,0,0,0,6,0,0,0,0,6,6,0,0,0,0,0,0,6,0,0","12.92671275138855,15.973717212677002,30.45036673545837,15.854255199432371,14.053764820098875,7.48379373550415,20.862261295318604,31.186041355133057,18.55315637588501,15.062273740768433,7.981291532516479,26.935852527618408,8.144372940063477,7.807471752166748,5.085892677307129,5.408406019210815,6.747933387756348,6.073966979980469,6.667557239532471,7.019976139068604,7.763101100921631,6.634194850921631,9.420740365982056,5.968836545944214,6.618976593017578,3.9225223064422607,6.9738709926605225,5.2472453117370605,5.960560321807861,5.509338855743408,7.093482732772827,5.807325839996338,7.005080699920654,7.198777675628662,5.924533843994141,8.439347743988037,6.829231262207031,6.618447303771973","0.3333333333333333,0.6666666666666666,0.3333333333333333,1.0,0.3333333333333333","66.33594727516174,70.62804865837097,45.282344818115234,47.35363793373108,33.09931826591492","11.92124080657959,10.585439920425417,9.4595685005188,9.455034494400024,7.156928062438965","28.520087242126465,5.055280685424805,7.813408136367798,5.867223501205444,5.395237445831299","obj_000054_0,obj_000047_0,obj_000012_0,obj_000012_0,obj_000079_1","True,True,False,True,False","['obj_000054_0'],['obj_000047_0'],[],['obj_000012_0', 'obj_000069_0'],[]","29.337220430374146,15.8009033203125,47.42905950546265,40.06702280044556,34.31399464607239","True,True,False,True,False","obj_000047_0,obj_000054_0,obj_000012_0,obj_000013_0","grasp_choice_failed,grasp_choice_failed,finished,finished,finished,finished,finished,grasp_choice_failed,grasp_choice_failed,grasp_choice_failed,grasp_choice_failed,grasp_choice_failed,grasp_choice_failed,grasp_choice_failed,grasp_choice_failed","MotionGenStatus.INVALID_START_STATE_WORLD_COLLISION,MotionGenStatus.INVALID_START_STATE_WORLD_COLLISION,MotionGenStatus.INVALID_START_STATE_WORLD_COLLISION,MotionGenStatus.INVALID_START_STATE_WORLD_COLLISION",False,"obj_000047_0,obj_000054_0,obj_000012_0,obj_000069_0",obj_000013_0,5,0,0,10,0,3,2,4,1,unstructured_36,trial_2026-02-27_01-35-21__short_test__vlm_only/unstructured_36__obj_000079_1__vlm_only,vlm_only,893.2044956684113
0.0403254032135009,0.8797507286071777,0.0001742839813232,0.0371356010437011,0.9577832221984864,obj_000056_1,9.0,"0,5,9,9,9,8,4,8,2,0","16.588261604309082,22.873783111572266,20.855777502059937,36.00959038734436,49.31642723083496,35.98965072631836,46.04296517372131,13.163898468017578,36.20999526977539,14.93456506729126","1.0,1.0,1.0,1.0,1.0,1.0","91.73536229133606,171.95969772338867,101.30203080177309,51.73102045059204,67.42770457267761,41.17924785614014","30.95097851753235,26.27869153022766,24.344888925552368,23.40587973594665,16.857494115829468,13.606562852859495","11.762590408325195,16.0567524433136,23.18471646308899,8.203969240188599,8.400554656982422,6.86907172203064","obj_000052_0,obj_000122_0,obj_000059_0,obj_000128_0,obj_000005_0,obj_000056_1","True,True,True,True,True,True","['obj_000052_0', 'obj_000122_0'],['obj_000122_0'],['obj_000059_0'],['obj_000128_0'],['obj_000005_0'],['obj_000056_1']","33.570409297943115,34.10304021835327,23.322039127349854,23.58692169189453,28.878267288208008,30.70859146118164","True,True,True,True,True,True","obj_000052_0,obj_000059_0,obj_000029_0,obj_000005_0,obj_000122_0,obj_000128_0","finished,no_valid_grasps_found,no_valid_motion_plan_found,finished,no_valid_grasps_found,finished,finished,finished,finished","MotionGenStatus.INVALID_START_STATE_WORLD_COLLISION,MotionGenStatus.INVALID_START_STATE_WORLD_COLLISION,MotionGenStatus.INVALID_START_STATE_WORLD_COLLISION",True,"obj_000052_0,obj_000059_0,obj_000005_0,obj_000056_1,obj_000122_0,obj_000128_0",obj_000029_0,6,0,2,0,1,6,0,6,1,structured_590,trial_2026-02-27_01-35-21__short_test__vlm_only/structured_590__obj_000056_1__vlm_only,vlm_only,914.5251710414886
0.0386073589324951,0.8935341835021973,0.0001018047332763,0.0256989002227783,0.9585139751434326,obj_000079_1,15.0,"6.0,7.0,5.0,6.0,4.0,3.0,3.0,3.0,1.0,0.0,1.0,0.0,0.0","0.3287794589996338,0.4194164276123047,0.3136579990386963,0.3598902225494385,0.3017666339874267,0.3840467929840088,0.296473741531372,0.3037536144256592,0.3084814548492431,0.3422651290893554,0.3078176975250244,0.3702690601348877,0.2967658042907715","1.0,1.0,0.3333333333333333,1.0,0.3333333333333333,1.0,0.6666666666666666,0.3333333333333333,0.3333333333333333,1.0","24.775958776474,28.36334872245789,29.196970224380493,19.85015034675598,17.93623185157776,20.40430283546448,16.240909576416016,23.284881591796875,12.958580255508425,12.019750118255615","12.58573079109192,11.359225749969482,9.926969528198242,8.775516510009766,7.488516330718994,6.120863914489746,5.302288055419922,4.585506200790405,3.718338489532471,3.2099575996398926","6.3265910148620605,11.533886194229126,13.63850712776184,5.811311960220337,5.322944402694702,9.228454113006592,5.694706678390503,13.923782110214232,3.515780210494995,4.095468521118164","obj_000050_0,obj_000059_0,obj_000050_1,obj_000047_0,obj_000054_0,obj_000059_1,obj_000050_1,obj_000003_0,obj_000079_1,obj_000012_0","True,True,False,True,True,True,True,True,False,True","['obj_000050_0'],['obj_000059_0'],[],['obj_000050_1', 'obj_000079_1', 'obj_000069_0', 'obj_000047_0', 'obj_000012_0'],['obj_000054_0'],['obj_000059_1'],['obj_000050_1', 'obj_000079_1'],['obj_000003_0'],[],['obj_000012_0']","19.273398637771606,20.22923374176025,19.78953695297241,25.13108968734741,23.75300884246826,19.309581518173218,17.900439262390137,20.41607403755188,14.618158340454102,14.482673406600952","True,True,False,True,True,True,False,False,False,True","obj_000050_1,obj_000059_0,obj_000047_0,obj_000054_0,obj_000013_0,obj_000003_0,obj_000059_1,obj_000050_0","no_valid_motion_plan_found,finished,no_valid_grasps_found,finished,finished,finished,no_valid_grasps_found,finished,finished,finished,finished,finished,finished,no_valid_motion_plan_found,no_valid_motion_plan_found","MotionGenStatus.INVALID_START_STATE_WORLD_COLLISION,MotionGenStatus.INVALID_START_STATE_WORLD_COLLISION,MotionGenStatus.INVALID_START_STATE_WORLD_COLLISION,MotionGenStatus.INVALID_START_STATE_WORLD_COLLISION,MotionGenStatus.INVALID_START_STATE_WORLD_COLLISION,MotionGenStatus.INVALID_START_STATE_WORLD_COLLISION,MotionGenStatus.INVALID_START_STATE_WORLD_COLLISION,MotionGenStatus.INVALID_START_STATE_WORLD_COLLISION,MotionGenStatus.INVALID_START_STATE_WORLD_COLLISION,MotionGenStatus.INVALID_START_STATE_WORLD_COLLISION,MotionGenStatus.INVALID_START_STATE_WORLD_COLLISION",False,"obj_000050_1,obj_000059_0,obj_000079_1,obj_000069_0,obj_000047_0,obj_000012_0,obj_000054_0,obj_000059_1,obj_000050_0","obj_000003_0,obj_000013_0",10,0,2,0,3,8,2,9,2,unstructured_36,trial_2026-02-27_01-35-25__short_test__random/unstructured_36__obj_000079_1__random,random,561.2862272262573
0.0793039798736572,0.9352362155914308,8.082389831542969e-05,0.0156247615814208,1.0308091640472412,obj_000070_0,2.0,"6,0","0.3950603008270263,0.5203368663787842","1.0,1.0","33.204617500305176,29.282085180282596","17.793339729309082,14.169570922851562","8.398500680923462,8.047878503799438","obj_000074_0,obj_000070_0","True,True","['obj_000074_0'],['obj_000070_0']","33.3705689907074,40.2781023979187","True,True",obj_000074_0,"finished,finished",,True,"obj_000074_0,obj_000070_0",,2,0,0,0,0,2,0,2,0,unstructured_105,trial_2026-02-27_01-35-25__short_test__random/unstructured_105__obj_000070_0__random,random,174.7763431072235
24.553690671920776,61.64066338539124,7.557868957519531e-05,0.069612979888916,86.26451659202576,obj_000041_0,9.0,"10.0,9.0,9.0,4.0,4.0,6.0,3.0,5.0,0.0","0.4728775024414062,0.387798547744751,0.4774074554443359,0.516491174697876,0.3388888835906982,0.3215606212615967,0.3233027458190918,0.3325679302215576,0.4009256362915039","1.0,1.0,1.0,0.6666666666666666,1.0,0.3333333333333333,1.0,1.0","51.99838137626648,27.89687180519104,149.86684441566467,25.575316667556763,20.36576461791992,24.269482374191284,17.532777070999146,21.427229166030884","17.65230131149292,15.875651597976685,14.411994934082031,10.352876424789429,9.971530675888062,9.016711711883543,7.858407497406006,8.073448419570923","27.413135528564453,6.226214170455933,130.01652598381042,10.157749652862549,5.285396575927734,10.07938838005066,4.456156969070435,8.284712076187134","obj_000078_0,obj_000044_0,obj_000074_0,obj_000008_0,obj_000051_0,obj_000007_0,obj_000027_0,obj_000041_0","True,True,True,True,True,True,True,True","['obj_000078_0'],['obj_000044_0'],['obj_000074_0'],['obj_000008_0'],['obj_000051_0'],['obj_000007_0'],['obj_000027_0'],['obj_000041_0']","41.19402050971985,26.82746243476868,40.43388819694519,28.839344024658203,40.52580547332764,24.44336700439453,29.19130277633667,25.650532722473145","True,True,True,True,True,True,True,True","obj_000078_0,obj_000027_0,obj_000044_0,obj_000074_0,obj_000051_0,obj_000007_0,obj_000008_0","finished,finished,finished,no_valid_motion_plan_found,finished,finished,finished,finished,finished","MotionGenStatus.INVALID_START_STATE_WORLD_COLLISION,MotionGenStatus.INVALID_START_STATE_WORLD_COLLISION,MotionGenStatus.INVALID_START_STATE_WORLD_COLLISION,MotionGenStatus.TRAJOPT_FAIL,MotionGenStatus.INVALID_START_STATE_WORLD_COLLISION,MotionGenStatus.INVALID_START_STATE_WORLD_COLLISION,MotionGenStatus.INVALID_START_STATE_WORLD_COLLISION,MotionGenStatus.TRAJOPT_FAIL,MotionGenStatus.TRAJOPT_FAIL,MotionGenStatus.TRAJOPT_FAIL,MotionGenStatus.TRAJOPT_FAIL,MotionGenStatus.TRAJOPT_FAIL,MotionGenStatus.INVALID_START_STATE_WORLD_COLLISION,MotionGenStatus.INVALID_START_STATE_WORLD_COLLISION,MotionGenStatus.INVALID_START_STATE_WORLD_COLLISION,MotionGenStatus.INVALID_START_STATE_WORLD_COLLISION,MotionGenStatus.INVALID_START_STATE_WORLD_COLLISION,MotionGenStatus.INVALID_START_STATE_WORLD_COLLISION,MotionGenStatus.INVALID_START_STATE_WORLD_COLLISION",True,"obj_000078_0,obj_000027_0,obj_000044_0,obj_000074_0,obj_000051_0,obj_000007_0,obj_000041_0,obj_000008_0",,8,0,0,0,1,8,0,8,0,structured_198,trial_2026-02-27_01-35-25__short_test__random/structured_198__obj_000041_0__random,random,812.8173792362213
0.0380287170410156,0.9492614269256592,0.0001258850097656,0.0184614658355712,1.0063526630401611,obj_000048_0,12.0,"6,4,1,3,8,6,5,5,1,5,1,0","0.3266539573669433,0.3152811527252197,0.3804495334625244,0.3125114440917969,0.3052554130554199,0.3183634281158447,0.3317697048187256,0.3489675521850586,0.3545498847961426,0.2665674686431885,0.3848419189453125,0.3082349300384521","1.0,1.0,1.0,1.0,1.0,1.0,0.6666666666666666,0.3333333333333333,1.0,1.0,1.0","40.92195129394531,35.58187484741211,39.81088733673096,25.89013385772705,32.45244860649109,21.215232372283936,21.34919238090515,21.81490206718445,17.801485300064087,17.797341108322144,16.756858110427856","18.492354154586792,15.431647777557371,14.709640502929688,12.130888223648071,13.169220209121704,12.43862771987915,10.010692596435549,9.056966781616213,8.681896209716797,8.6582612991333,6.470704317092896","14.846640825271606,13.16734504699707,18.22636127471924,7.944277048110962,14.312669277191162,3.9484245777130127,6.606571435928345,8.081631660461426,4.311110258102417,4.296492576599121,5.522561550140381","obj_000059_0,obj_000061_0,obj_000010_0,obj_000061_1,obj_000025_2,obj_000025_0,obj_000036_0,obj_000065_0,obj_000025_1,obj_000048_1,obj_000048_0","True,True,True,True,True,True,False,True,False,True,True","['obj_000059_0'],['obj_000061_0'],['obj_000010_0'],['obj_000061_1'],['obj_000025_2'],['obj_000025_0'],[],['obj_000065_0'],[],['obj_000048_1'],['obj_000048_0']","21.0712308883667,21.11920666694641,19.916614532470703,27.32688546180725,20.776793956756592,38.66874742507935,27.464040517807007,24.530197381973267,20.491488695144653,29.79132461547852,18.423099279403687","True,True,True,True,True,True,False,True,False,True,True","obj_000025_0,obj_000025_2,obj_000065_0,obj_000061_0,obj_000010_0,obj_000061_1,obj_000059_0,obj_000048_1","finished,finished,finished,finished,finished,finished,no_valid_motion_plan_found,finished,finished,finished,finished,finished","MotionGenStatus.INVALID_START_STATE_WORLD_COLLISION,MotionGenStatus.INVALID_START_STATE_WORLD_COLLISION,MotionGenStatus.INVALID_START_STATE_WORLD_COLLISION,MotionGenStatus.INVALID_START_STATE_WORLD_COLLISION,MotionGenStatus.INVALID_START_STATE_WORLD_COLLISION,MotionGenStatus.INVALID_START_STATE_WORLD_COLLISION,MotionGenStatus.INVALID_START_STATE_WORLD_COLLISION,MotionGenStatus.INVALID_START_STATE_WORLD_COLLISION",True,"obj_000025_0,obj_000025_2,obj_000048_0,obj_000065_0,obj_000061_0,obj_000010_0,obj_000061_1,obj_000059_0,obj_000048_1",,11,0,0,0,1,9,2,9,0,unstructured_128,trial_2026-02-27_01-35-25__short_test__random/unstructured_128__obj_000048_0__random,random,683.2860095500946
0.0412399768829345,0.881399393081665,0.0001871585845947,0.0573680400848388,0.9807329177856444,obj_000056_1,14.0,"13.0,10.0,6.0,8.0,8.0,7.0,4.0,4.0,2.0,4.0,5.0,0.0,0.0","0.4414651393890381,0.3795773983001709,0.3598546981811523,0.3629467487335205,0.3425860404968261,0.3299691677093506,0.3251206874847412,0.3029248714447021,0.3093545436859131,0.2710046768188476,0.3031189441680908,0.2796471118927002,0.2549045085906982","1.0,1.0,1.0,1.0,1.0,1.0,1.0,1.0,1.0,1.0,1.0","53.784616231918335,63.943204164505005,38.8989851474762,54.217238426208496,33.03549003601074,30.44649171829224,29.46799945831299,24.501483917236328,25.703303575515747,17.767728090286255,17.53439211845398","30.798293352127075,23.64796280860901,22.71518278121948,18.766178846359253,18.53763747215271,17.140575170516968,15.611379861831663,11.630268812179564,10.17116928100586,9.090829133987429,9.303282499313354","12.898211240768433,30.965912103652958,8.650368690490723,27.632291555404663,7.65651535987854,6.802028894424439,7.35635495185852,6.722164869308472,9.759231805801392,4.130063533782959,3.729670763015747","obj_000085_0,obj_000128_1,obj_000049_0,obj_000128_0,obj_000116_0,obj_000059_0,obj_000052_0,obj_000005_0,obj_000122_0,obj_000056_1,obj_000056_1","True,True,True,True,True,True,True,True,True,False,True","['obj_000085_0'],['obj_000128_1'],['obj_000049_0'],['obj_000128_0'],['obj_000116_0'],['obj_000059_0'],['obj_000052_0', 'obj_000122_0'],['obj_000005_0'],['obj_000122_0'],[],['obj_000056_1']","31.22731351852417,34.31011366844177,39.15695023536682,30.267130851745605,24.264259815216064,28.07032036781311,52.11237382888794,44.804409980773926,29.32537579536438,24.227643489837646,26.077779293060303","True,True,True,True,True,True,True,True,True,False,True","obj_000116_0,obj_000052_0,obj_000059_0,obj_000029_0,obj_000005_0,obj_000085_0,obj_000128_1,obj_000049_0,obj_000122_0,obj_000128_0","finished,finished,no_valid_grasps_found,finished,finished,finished,no_valid_motion_plan_found,finished,finished,finished,no_valid_motion_plan_found,finished,finished,finished","MotionGenStatus.INVALID_START_STATE_WORLD_COLLISION,MotionGenStatus.INVALID_START_STATE_WORLD_COLLISION,MotionGenStatus.INVALID_START_STATE_WORLD_COLLISION,MotionGenStatus.INVALID_START_STATE_WORLD_COLLISION,MotionGenStatus.INVALID_START_STATE_WORLD_COLLISION,MotionGenStatus.INVALID_START_STATE_WORLD_COLLISION,MotionGenStatus.INVALID_START_STATE_WORLD_COLLISION",True,"obj_000116_0,obj_000052_0,obj_000059_0,obj_000005_0,obj_000085_0,obj_000128_1,obj_000049_0,obj_000056_1,obj_000122_0,obj_000128_0",obj_000029_0,11,0,1,0,2,10,1,10,1,structured_590,trial_2026-02-27_01-35-25__short_test__random/structured_590__obj_000056_1__random,random,966.2815163135529
0.195465087890625,1.0148367881774902,0.0001564025878906,0.0467314720153808,1.2580974102020264,obj_000045_0,15.0,"4.0,4.0,4.0,4.0,4.0,4.0,4.0,4.0,4.0,4.0,4.0,4.0,4.0,4.0,4.0","0.3682930469512939,0.2666022777557373,0.449246883392334,0.2783401012420654,0.2880804538726806,0.2637648582458496,0.2855653762817383,0.2903366088867187,0.3148596286773681,0.2816004753112793,0.3175048828125,0.3347103595733642,0.2902185916900635,0.271852970123291,0.3382833003997803",,,,,,,,,,,"no_valid_motion_plan_found,no_valid_motion_plan_found,no_valid_motion_plan_found,no_valid_motion_plan_found,no_valid_motion_plan_found,no_valid_motion_plan_found,no_valid_motion_plan_found,no_valid_motion_plan_found,no_valid_motion_plan_found,no_valid_motion_plan_found,no_valid_motion_plan_found,no_valid_motion_plan_found,no_valid_motion_plan_found,no_valid_motion_plan_found,no_valid_motion_plan_found","MotionGenStatus.INVALID_START_STATE_WORLD_COLLISION,MotionGenStatus.INVALID_START_STATE_WORLD_COLLISION,MotionGenStatus.INVALID_START_STATE_WORLD_COLLISION,MotionGenStatus.INVALID_START_STATE_WORLD_COLLISION,MotionGenStatus.INVALID_START_STATE_WORLD_COLLISION,MotionGenStatus.INVALID_START_STATE_WORLD_COLLISION,MotionGenStatus.INVALID_START_STATE_WORLD_COLLISION,MotionGenStatus.INVALID_START_STATE_WORLD_COLLISION,MotionGenStatus.INVALID_START_STATE_WORLD_COLLISION,MotionGenStatus.INVALID_START_STATE_WORLD_COLLISION,MotionGenStatus.INVALID_START_STATE_WORLD_COLLISION,MotionGenStatus.INVALID_START_STATE_WORLD_COLLISION,MotionGenStatus.INVALID_START_STATE_WORLD_COLLISION,MotionGenStatus.INVALID_START_STATE_WORLD_COLLISION,MotionGenStatus.INVALID_START_STATE_WORLD_COLLISION,MotionGenStatus.INVALID_START_STATE_WORLD_COLLISION,MotionGenStatus.INVALID_START_STATE_WORLD_COLLISION,MotionGenStatus.INVALID_START_STATE_WORLD_COLLISION,MotionGenStatus.INVALID_START_STATE_WORLD_COLLISION,MotionGenStatus.INVALID_START_STATE_WORLD_COLLISION,MotionGenStatus.INVALID_START_STATE_WORLD_COLLISION,MotionGenStatus.INVALID_START_STATE_WORLD_COLLISION,MotionGenStatus.INVALID_START_STATE_WORLD_COLLISION,MotionGenStatus.INVALID_START_STATE_WORLD_COLLISION,MotionGenStatus.INVALID_START_STATE_WORLD_COLLISION,MotionGenStatus.INVALID_START_STATE_WORLD_COLLISION,MotionGenStatus.INVALID_START_STATE_WORLD_COLLISION,MotionGenStatus.INVALID_START_STATE_WORLD_COLLISION,MotionGenStatus.INVALID_START_STATE_WORLD_COLLISION,MotionGenStatus.INVALID_START_STATE_WORLD_COLLISION,MotionGenStatus.INVALID_START_STATE_WORLD_COLLISION,MotionGenStatus.INVALID_START_STATE_WORLD_COLLISION,MotionGenStatus.INVALID_START_STATE_WORLD_COLLISION,MotionGenStatus.INVALID_START_STATE_WORLD_COLLISION,MotionGenStatus.INVALID_START_STATE_WORLD_COLLISION",False,,,0,0,0,0,15,0,0,0,0,structured_233,trial_2026-02-27_01-35-25__short_test__random/structured_233__obj_000045_0__random,random,467.3253858089447
